,Feature,Unifrom,Metric,Result,Skimage,Image Size,R,L,Step,Histogram,Histogram Tile Size
0,Pixel By Pixel,False,euclidean,0.128,,"(64, 64)",,,,,
1,Pixel By Pixel,False,cityblock,0.132,,"(64, 64)",,,,,
2,Pixel By Pixel,False,cosine,0.169,,"(64, 64)",,,,,
3,Pixel By Pixel,False,euclidean,0.127,,"(128, 128)",,,,,
4,Pixel By Pixel,False,cityblock,0.133,,"(128, 128)",,,,,
5,Pixel By Pixel,False,cosine,0.167,,"(128, 128)",,,,,
6,Pixel By Pixel,False,euclidean,0.127,,"(256, 256)",,,,,
7,Pixel By Pixel,False,cityblock,0.133,,"(256, 256)",,,,,
8,Pixel By Pixel,False,cosine,0.167,,"(256, 256)",,,,,
9,LBP,False,euclidean,0.288,0.243,"(64, 64)",1,8,1,False,
10,LBP,False,cityblock,0.308,0.305,"(64, 64)",1,8,1,False,
11,LBP,False,cosine,0.175,0.166,"(64, 64)",1,8,1,False,
12,LBP,False,euclidean,0.21,0.211,"(64, 64)",1,8,1,True,16
13,LBP,False,cityblock,0.31,0.302,"(64, 64)",1,8,1,True,16
14,LBP,False,cosine,0.252,0.222,"(64, 64)",1,8,1,True,16
15,LBP,False,euclidean,0.128,0.128,"(64, 64)",1,8,1,True,32
16,LBP,False,cityblock,0.161,0.137,"(64, 64)",1,8,1,True,32
17,LBP,False,cosine,0.136,0.131,"(64, 64)",1,8,1,True,32
18,LBP,False,euclidean,0.051,0.047,"(64, 64)",1,8,1,True,64
19,LBP,False,cityblock,0.057,0.052,"(64, 64)",1,8,1,True,64
20,LBP,False,cosine,0.06,0.056,"(64, 64)",1,8,1,True,64
21,LBP,False,euclidean,0.208,,"(64, 64)",1,8,2,False,
22,LBP,False,cityblock,0.236,,"(64, 64)",1,8,2,False,
23,LBP,False,cosine,0.146,,"(64, 64)",1,8,2,False,
24,LBP,False,euclidean,0.16,,"(64, 64)",1,8,2,True,16
25,LBP,False,cityblock,0.24,,"(64, 64)",1,8,2,True,16
26,LBP,False,cosine,0.2,,"(64, 64)",1,8,2,True,16
27,LBP,False,euclidean,0.092,,"(64, 64)",1,8,2,True,32
28,LBP,False,cityblock,0.108,,"(64, 64)",1,8,2,True,32
29,LBP,False,cosine,0.104,,"(64, 64)",1,8,2,True,32
30,LBP,False,euclidean,0.034,,"(64, 64)",1,8,2,True,64
31,LBP,False,cityblock,0.056,,"(64, 64)",1,8,2,True,64
32,LBP,False,cosine,0.03,,"(64, 64)",1,8,2,True,64
33,LBP,False,euclidean,0.08,,"(64, 64)",1,8,4,False,
34,LBP,False,cityblock,0.096,,"(64, 64)",1,8,4,False,
35,LBP,False,cosine,0.104,,"(64, 64)",1,8,4,False,
36,LBP,False,euclidean,0.08,,"(64, 64)",1,8,4,True,16
37,LBP,False,cityblock,0.088,,"(64, 64)",1,8,4,True,16
38,LBP,False,cosine,0.064,,"(64, 64)",1,8,4,True,16
39,LBP,False,euclidean,0.072,,"(64, 64)",1,8,4,True,32
40,LBP,False,cityblock,0.08,,"(64, 64)",1,8,4,True,32
41,LBP,False,cosine,0.056,,"(64, 64)",1,8,4,True,32
42,LBP,False,euclidean,0.064,,"(64, 64)",1,8,4,True,64
43,LBP,False,cityblock,0.096,,"(64, 64)",1,8,4,True,64
44,LBP,False,cosine,0.056,,"(64, 64)",1,8,4,True,64
45,LBP,False,euclidean,0.36,0.31,"(64, 64)",2,16,1,False,
46,LBP,False,cityblock,0.357,0.317,"(64, 64)",2,16,1,False,
47,LBP,False,cosine,0.235,0.232,"(64, 64)",2,16,1,False,
48,LBP,False,euclidean,0.1,0.099,"(64, 64)",2,16,1,True,16
49,LBP,False,cityblock,0.072,0.099,"(64, 64)",2,16,1,True,16
50,LBP,False,cosine,0.101,0.103,"(64, 64)",2,16,1,True,16
51,LBP,False,euclidean,0.06,0.057,"(64, 64)",2,16,1,True,32
52,LBP,False,cityblock,0.071,0.073,"(64, 64)",2,16,1,True,32
53,LBP,False,cosine,0.066,0.062,"(64, 64)",2,16,1,True,32
54,LBP,False,euclidean,0.025,0.03,"(64, 64)",2,16,1,True,64
55,LBP,False,cityblock,0.021,0.026,"(64, 64)",2,16,1,True,64
56,LBP,False,cosine,0.019,0.031,"(64, 64)",2,16,1,True,64
57,LBP,False,euclidean,0.256,,"(64, 64)",2,16,2,False,
58,LBP,False,cityblock,0.248,,"(64, 64)",2,16,2,False,
59,LBP,False,cosine,0.166,,"(64, 64)",2,16,2,False,
60,LBP,False,euclidean,0.094,,"(64, 64)",2,16,2,True,16
61,LBP,False,cityblock,0.056,,"(64, 64)",2,16,2,True,16
62,LBP,False,cosine,0.084,,"(64, 64)",2,16,2,True,16
63,LBP,False,euclidean,0.054,,"(64, 64)",2,16,2,True,32
64,LBP,False,cityblock,0.056,,"(64, 64)",2,16,2,True,32
65,LBP,False,cosine,0.04,,"(64, 64)",2,16,2,True,32
66,LBP,False,euclidean,0.028,,"(64, 64)",2,16,2,True,64
67,LBP,False,cityblock,0.03,,"(64, 64)",2,16,2,True,64
68,LBP,False,cosine,0.032,,"(64, 64)",2,16,2,True,64
69,LBP,False,euclidean,0.136,,"(64, 64)",2,16,4,False,
70,LBP,False,cityblock,0.112,,"(64, 64)",2,16,4,False,
71,LBP,False,cosine,0.136,,"(64, 64)",2,16,4,False,
72,LBP,False,euclidean,0.088,,"(64, 64)",2,16,4,True,16
73,LBP,False,cityblock,0.04,,"(64, 64)",2,16,4,True,16
74,LBP,False,cosine,0.072,,"(64, 64)",2,16,4,True,16
75,LBP,False,euclidean,0.136,,"(64, 64)",2,16,4,True,32
76,LBP,False,cityblock,0.048,,"(64, 64)",2,16,4,True,32
77,LBP,False,cosine,0.08,,"(64, 64)",2,16,4,True,32
78,LBP,False,euclidean,0.056,,"(64, 64)",2,16,4,True,64
79,LBP,False,cityblock,0.104,,"(64, 64)",2,16,4,True,64
80,LBP,False,cosine,0.088,,"(64, 64)",2,16,4,True,64
81,LBP,False,euclidean,0.358,0.066,"(64, 64)",3,32,1,False,
82,LBP,False,cityblock,0.359,0.041,"(64, 64)",3,32,1,False,
83,LBP,False,cosine,0.25,0.253,"(64, 64)",3,32,1,False,
84,LBP,False,euclidean,0.098,0.04,"(64, 64)",3,32,1,True,16
85,LBP,False,cityblock,0.076,0.04,"(64, 64)",3,32,1,True,16
86,LBP,False,cosine,0.113,0.032,"(64, 64)",3,32,1,True,16
87,LBP,False,euclidean,0.078,0.03,"(64, 64)",3,32,1,True,32
88,LBP,False,cityblock,0.091,0.027,"(64, 64)",3,32,1,True,32
89,LBP,False,cosine,0.081,0.024,"(64, 64)",3,32,1,True,32
90,LBP,False,euclidean,0.027,0.027,"(64, 64)",3,32,1,True,64
91,LBP,False,cityblock,0.032,0.025,"(64, 64)",3,32,1,True,64
92,LBP,False,cosine,0.037,0.024,"(64, 64)",3,32,1,True,64
93,LBP,False,euclidean,0.24,,"(64, 64)",3,32,2,False,
94,LBP,False,cityblock,0.252,,"(64, 64)",3,32,2,False,
95,LBP,False,cosine,0.162,,"(64, 64)",3,32,2,False,
96,LBP,False,euclidean,0.05,,"(64, 64)",3,32,2,True,16
97,LBP,False,cityblock,0.044,,"(64, 64)",3,32,2,True,16
98,LBP,False,cosine,0.076,,"(64, 64)",3,32,2,True,16
99,LBP,False,euclidean,0.054,,"(64, 64)",3,32,2,True,32
100,LBP,False,cityblock,0.06,,"(64, 64)",3,32,2,True,32
101,LBP,False,cosine,0.052,,"(64, 64)",3,32,2,True,32
102,LBP,False,euclidean,0.034,,"(64, 64)",3,32,2,True,64
103,LBP,False,cityblock,0.036,,"(64, 64)",3,32,2,True,64
104,LBP,False,cosine,0.032,,"(64, 64)",3,32,2,True,64
105,LBP,False,euclidean,0.112,,"(64, 64)",3,32,4,False,
106,LBP,False,cityblock,0.104,,"(64, 64)",3,32,4,False,
107,LBP,False,cosine,0.104,,"(64, 64)",3,32,4,False,
108,LBP,False,euclidean,0.056,,"(64, 64)",3,32,4,True,16
109,LBP,False,cityblock,0.064,,"(64, 64)",3,32,4,True,16
110,LBP,False,cosine,0.08,,"(64, 64)",3,32,4,True,16
111,LBP,False,euclidean,0.056,,"(64, 64)",3,32,4,True,32
112,LBP,False,cityblock,0.056,,"(64, 64)",3,32,4,True,32
113,LBP,False,cosine,0.032,,"(64, 64)",3,32,4,True,32
114,LBP,False,euclidean,0.08,,"(64, 64)",3,32,4,True,64
115,LBP,False,cityblock,0.048,,"(64, 64)",3,32,4,True,64
116,LBP,False,cosine,0.072,,"(64, 64)",3,32,4,True,64
117,LBP,False,euclidean,0.235,0.223,"(128, 128)",1,8,1,False,
118,LBP,False,cityblock,0.274,0.261,"(128, 128)",1,8,1,False,
119,LBP,False,cosine,0.113,0.114,"(128, 128)",1,8,1,False,
120,LBP,False,euclidean,0.242,0.244,"(128, 128)",1,8,1,True,16
121,LBP,False,cityblock,0.363,0.348,"(128, 128)",1,8,1,True,16
122,LBP,False,cosine,0.323,0.312,"(128, 128)",1,8,1,True,16
123,LBP,False,euclidean,0.19,0.192,"(128, 128)",1,8,1,True,32
124,LBP,False,cityblock,0.258,0.254,"(128, 128)",1,8,1,True,32
125,LBP,False,cosine,0.226,0.22,"(128, 128)",1,8,1,True,32
126,LBP,False,euclidean,0.123,0.118,"(128, 128)",1,8,1,True,64
127,LBP,False,cityblock,0.135,0.134,"(128, 128)",1,8,1,True,64
128,LBP,False,cosine,0.131,0.124,"(128, 128)",1,8,1,True,64
129,LBP,False,euclidean,0.164,,"(128, 128)",1,8,2,False,
130,LBP,False,cityblock,0.192,,"(128, 128)",1,8,2,False,
131,LBP,False,cosine,0.098,,"(128, 128)",1,8,2,False,
132,LBP,False,euclidean,0.168,,"(128, 128)",1,8,2,True,16
133,LBP,False,cityblock,0.25,,"(128, 128)",1,8,2,True,16
134,LBP,False,cosine,0.268,,"(128, 128)",1,8,2,True,16
135,LBP,False,euclidean,0.126,,"(128, 128)",1,8,2,True,32
136,LBP,False,cityblock,0.172,,"(128, 128)",1,8,2,True,32
137,LBP,False,cosine,0.152,,"(128, 128)",1,8,2,True,32
138,LBP,False,euclidean,0.084,,"(128, 128)",1,8,2,True,64
139,LBP,False,cityblock,0.104,,"(128, 128)",1,8,2,True,64
140,LBP,False,cosine,0.086,,"(128, 128)",1,8,2,True,64
141,LBP,False,euclidean,0.088,,"(128, 128)",1,8,4,False,
142,LBP,False,cityblock,0.112,,"(128, 128)",1,8,4,False,
143,LBP,False,cosine,0.072,,"(128, 128)",1,8,4,False,
144,LBP,False,euclidean,0.12,,"(128, 128)",1,8,4,True,16
145,LBP,False,cityblock,0.088,,"(128, 128)",1,8,4,True,16
146,LBP,False,cosine,0.112,,"(128, 128)",1,8,4,True,16
147,LBP,False,euclidean,0.104,,"(128, 128)",1,8,4,True,32
148,LBP,False,cityblock,0.072,,"(128, 128)",1,8,4,True,32
149,LBP,False,cosine,0.072,,"(128, 128)",1,8,4,True,32
150,LBP,False,euclidean,0.056,,"(128, 128)",1,8,4,True,64
151,LBP,False,cityblock,0.088,,"(128, 128)",1,8,4,True,64
152,LBP,False,cosine,0.08,,"(128, 128)",1,8,4,True,64
153,LBP,False,euclidean,0.32,0.277,"(128, 128)",2,16,1,False,
154,LBP,False,cityblock,0.323,0.304,"(128, 128)",2,16,1,False,
155,LBP,False,cosine,0.173,0.187,"(128, 128)",2,16,1,False,
156,LBP,False,euclidean,0.132,0.119,"(128, 128)",2,16,1,True,16
157,LBP,False,cityblock,0.069,0.118,"(128, 128)",2,16,1,True,16
158,LBP,False,cosine,0.159,0.152,"(128, 128)",2,16,1,True,16
159,LBP,False,euclidean,0.099,0.099,"(128, 128)",2,16,1,True,32
160,LBP,False,cityblock,0.096,0.133,"(128, 128)",2,16,1,True,32
161,LBP,False,cosine,0.121,0.108,"(128, 128)",2,16,1,True,32
162,LBP,False,euclidean,0.059,0.043,"(128, 128)",2,16,1,True,64
163,LBP,False,cityblock,0.072,0.076,"(128, 128)",2,16,1,True,64
164,LBP,False,cosine,0.055,0.047,"(128, 128)",2,16,1,True,64
165,LBP,False,euclidean,0.236,,"(128, 128)",2,16,2,False,
166,LBP,False,cityblock,0.234,,"(128, 128)",2,16,2,False,
167,LBP,False,cosine,0.132,,"(128, 128)",2,16,2,False,
168,LBP,False,euclidean,0.114,,"(128, 128)",2,16,2,True,16
169,LBP,False,cityblock,0.082,,"(128, 128)",2,16,2,True,16
170,LBP,False,cosine,0.13,,"(128, 128)",2,16,2,True,16
171,LBP,False,euclidean,0.096,,"(128, 128)",2,16,2,True,32
172,LBP,False,cityblock,0.086,,"(128, 128)",2,16,2,True,32
173,LBP,False,cosine,0.096,,"(128, 128)",2,16,2,True,32
174,LBP,False,euclidean,0.058,,"(128, 128)",2,16,2,True,64
175,LBP,False,cityblock,0.066,,"(128, 128)",2,16,2,True,64
176,LBP,False,cosine,0.042,,"(128, 128)",2,16,2,True,64
177,LBP,False,euclidean,0.104,,"(128, 128)",2,16,4,False,
178,LBP,False,cityblock,0.112,,"(128, 128)",2,16,4,False,
179,LBP,False,cosine,0.088,,"(128, 128)",2,16,4,False,
180,LBP,False,euclidean,0.12,,"(128, 128)",2,16,4,True,16
181,LBP,False,cityblock,0.048,,"(128, 128)",2,16,4,True,16
182,LBP,False,cosine,0.072,,"(128, 128)",2,16,4,True,16
183,LBP,False,euclidean,0.08,,"(128, 128)",2,16,4,True,32
184,LBP,False,cityblock,0.048,,"(128, 128)",2,16,4,True,32
185,LBP,False,cosine,0.056,,"(128, 128)",2,16,4,True,32
186,LBP,False,euclidean,0.176,,"(128, 128)",2,16,4,True,64
187,LBP,False,cityblock,0.104,,"(128, 128)",2,16,4,True,64
188,LBP,False,cosine,0.112,,"(128, 128)",2,16,4,True,64
189,LBP,False,euclidean,0.333,0.024,"(128, 128)",3,32,1,False,
190,LBP,False,cityblock,0.335,0.025,"(128, 128)",3,32,1,False,
191,LBP,False,cosine,0.203,0.231,"(128, 128)",3,32,1,False,
192,LBP,False,euclidean,0.13,0.05,"(128, 128)",3,32,1,True,16
193,LBP,False,cityblock,0.055,0.042,"(128, 128)",3,32,1,True,16
194,LBP,False,cosine,0.14,0.052,"(128, 128)",3,32,1,True,16
195,LBP,False,euclidean,0.109,0.038,"(128, 128)",3,32,1,True,32
196,LBP,False,cityblock,0.127,0.048,"(128, 128)",3,32,1,True,32
197,LBP,False,cosine,0.114,0.043,"(128, 128)",3,32,1,True,32
198,LBP,False,euclidean,0.07,0.036,"(128, 128)",3,32,1,True,64
199,LBP,False,cityblock,0.084,0.034,"(128, 128)",3,32,1,True,64
200,LBP,False,cosine,0.066,0.02,"(128, 128)",3,32,1,True,64
201,LBP,False,euclidean,0.248,,"(128, 128)",3,32,2,False,
202,LBP,False,cityblock,0.232,,"(128, 128)",3,32,2,False,
203,LBP,False,cosine,0.158,,"(128, 128)",3,32,2,False,
204,LBP,False,euclidean,0.1,,"(128, 128)",3,32,2,True,16
205,LBP,False,cityblock,0.072,,"(128, 128)",3,32,2,True,16
206,LBP,False,cosine,0.104,,"(128, 128)",3,32,2,True,16
207,LBP,False,euclidean,0.09,,"(128, 128)",3,32,2,True,32
208,LBP,False,cityblock,0.098,,"(128, 128)",3,32,2,True,32
209,LBP,False,cosine,0.096,,"(128, 128)",3,32,2,True,32
210,LBP,False,euclidean,0.066,,"(128, 128)",3,32,2,True,64
211,LBP,False,cityblock,0.074,,"(128, 128)",3,32,2,True,64
212,LBP,False,cosine,0.058,,"(128, 128)",3,32,2,True,64
213,LBP,False,euclidean,0.112,,"(128, 128)",3,32,4,False,
214,LBP,False,cityblock,0.104,,"(128, 128)",3,32,4,False,
215,LBP,False,cosine,0.096,,"(128, 128)",3,32,4,False,
216,LBP,False,euclidean,0.096,,"(128, 128)",3,32,4,True,16
217,LBP,False,cityblock,0.048,,"(128, 128)",3,32,4,True,16
218,LBP,False,cosine,0.096,,"(128, 128)",3,32,4,True,16
219,LBP,False,euclidean,0.056,,"(128, 128)",3,32,4,True,32
220,LBP,False,cityblock,0.064,,"(128, 128)",3,32,4,True,32
221,LBP,False,cosine,0.064,,"(128, 128)",3,32,4,True,32
222,LBP,False,euclidean,0.096,,"(128, 128)",3,32,4,True,64
223,LBP,False,cityblock,0.088,,"(128, 128)",3,32,4,True,64
224,LBP,False,cosine,0.072,,"(128, 128)",3,32,4,True,64
225,LBP,False,euclidean,0.223,0.214,"(256, 256)",1,8,1,False,
226,LBP,False,cityblock,0.25,0.256,"(256, 256)",1,8,1,False,
227,LBP,False,cosine,0.088,0.094,"(256, 256)",1,8,1,False,
228,LBP,False,euclidean,0.192,0.192,"(256, 256)",1,8,1,True,16
229,LBP,False,cityblock,0.342,0.333,"(256, 256)",1,8,1,True,16
230,LBP,False,cosine,0.333,0.324,"(256, 256)",1,8,1,True,16
231,LBP,False,euclidean,0.219,0.214,"(256, 256)",1,8,1,True,32
232,LBP,False,cityblock,0.313,0.307,"(256, 256)",1,8,1,True,32
233,LBP,False,cosine,0.279,0.272,"(256, 256)",1,8,1,True,32
234,LBP,False,euclidean,0.171,0.177,"(256, 256)",1,8,1,True,64
235,LBP,False,cityblock,0.223,0.23,"(256, 256)",1,8,1,True,64
236,LBP,False,cosine,0.19,0.19,"(256, 256)",1,8,1,True,64
237,LBP,False,euclidean,0.164,,"(256, 256)",1,8,2,False,
238,LBP,False,cityblock,0.174,,"(256, 256)",1,8,2,False,
239,LBP,False,cosine,0.09,,"(256, 256)",1,8,2,False,
240,LBP,False,euclidean,0.15,,"(256, 256)",1,8,2,True,16
241,LBP,False,cityblock,0.224,,"(256, 256)",1,8,2,True,16
242,LBP,False,cosine,0.242,,"(256, 256)",1,8,2,True,16
243,LBP,False,euclidean,0.156,,"(256, 256)",1,8,2,True,32
244,LBP,False,cityblock,0.192,,"(256, 256)",1,8,2,True,32
245,LBP,False,cosine,0.206,,"(256, 256)",1,8,2,True,32
246,LBP,False,euclidean,0.112,,"(256, 256)",1,8,2,True,64
247,LBP,False,cityblock,0.142,,"(256, 256)",1,8,2,True,64
248,LBP,False,cosine,0.124,,"(256, 256)",1,8,2,True,64
249,LBP,False,euclidean,0.08,,"(256, 256)",1,8,4,False,
250,LBP,False,cityblock,0.088,,"(256, 256)",1,8,4,False,
251,LBP,False,cosine,0.056,,"(256, 256)",1,8,4,False,
252,LBP,False,euclidean,0.064,,"(256, 256)",1,8,4,True,16
253,LBP,False,cityblock,0.128,,"(256, 256)",1,8,4,True,16
254,LBP,False,cosine,0.112,,"(256, 256)",1,8,4,True,16
255,LBP,False,euclidean,0.088,,"(256, 256)",1,8,4,True,32
256,LBP,False,cityblock,0.112,,"(256, 256)",1,8,4,True,32
257,LBP,False,cosine,0.104,,"(256, 256)",1,8,4,True,32
258,LBP,False,euclidean,0.072,,"(256, 256)",1,8,4,True,64
259,LBP,False,cityblock,0.08,,"(256, 256)",1,8,4,True,64
260,LBP,False,cosine,0.064,,"(256, 256)",1,8,4,True,64
261,LBP,False,euclidean,0.267,0.26,"(256, 256)",2,16,1,False,
262,LBP,False,cityblock,0.273,0.281,"(256, 256)",2,16,1,False,
263,LBP,False,cosine,0.112,0.126,"(256, 256)",2,16,1,False,
264,LBP,False,euclidean,0.138,0.124,"(256, 256)",2,16,1,True,16
265,LBP,False,cityblock,0.048,0.07,"(256, 256)",2,16,1,True,16
266,LBP,False,cosine,0.198,0.171,"(256, 256)",2,16,1,True,16
267,LBP,False,euclidean,0.148,0.128,"(256, 256)",2,16,1,True,32
268,LBP,False,cityblock,0.137,0.162,"(256, 256)",2,16,1,True,32
269,LBP,False,cosine,0.185,0.153,"(256, 256)",2,16,1,True,32
270,LBP,False,euclidean,0.088,0.091,"(256, 256)",2,16,1,True,64
271,LBP,False,cityblock,0.113,0.122,"(256, 256)",2,16,1,True,64
272,LBP,False,cosine,0.099,0.1,"(256, 256)",2,16,1,True,64
273,LBP,False,euclidean,0.18,,"(256, 256)",2,16,2,False,
274,LBP,False,cityblock,0.196,,"(256, 256)",2,16,2,False,
275,LBP,False,cosine,0.104,,"(256, 256)",2,16,2,False,
276,LBP,False,euclidean,0.122,,"(256, 256)",2,16,2,True,16
277,LBP,False,cityblock,0.066,,"(256, 256)",2,16,2,True,16
278,LBP,False,cosine,0.172,,"(256, 256)",2,16,2,True,16
279,LBP,False,euclidean,0.122,,"(256, 256)",2,16,2,True,32
280,LBP,False,cityblock,0.118,,"(256, 256)",2,16,2,True,32
281,LBP,False,cosine,0.138,,"(256, 256)",2,16,2,True,32
282,LBP,False,euclidean,0.088,,"(256, 256)",2,16,2,True,64
283,LBP,False,cityblock,0.104,,"(256, 256)",2,16,2,True,64
284,LBP,False,cosine,0.088,,"(256, 256)",2,16,2,True,64
285,LBP,False,euclidean,0.096,,"(256, 256)",2,16,4,False,
286,LBP,False,cityblock,0.112,,"(256, 256)",2,16,4,False,
287,LBP,False,cosine,0.072,,"(256, 256)",2,16,4,False,
288,LBP,False,euclidean,0.112,,"(256, 256)",2,16,4,True,16
289,LBP,False,cityblock,0.048,,"(256, 256)",2,16,4,True,16
290,LBP,False,cosine,0.088,,"(256, 256)",2,16,4,True,16
291,LBP,False,euclidean,0.088,,"(256, 256)",2,16,4,True,32
292,LBP,False,cityblock,0.032,,"(256, 256)",2,16,4,True,32
293,LBP,False,cosine,0.096,,"(256, 256)",2,16,4,True,32
294,LBP,False,euclidean,0.112,,"(256, 256)",2,16,4,True,64
295,LBP,False,cityblock,0.04,,"(256, 256)",2,16,4,True,64
296,LBP,False,cosine,0.096,,"(256, 256)",2,16,4,True,64
297,LBP,False,euclidean,0.304,0.014,"(256, 256)",3,32,1,False,
298,LBP,False,cityblock,0.296,0.015,"(256, 256)",3,32,1,False,
299,LBP,False,cosine,0.136,0.217,"(256, 256)",3,32,1,False,
300,LBP,False,euclidean,0.1,0.033,"(256, 256)",3,32,1,True,16
301,LBP,False,cityblock,0.029,0.037,"(256, 256)",3,32,1,True,16
302,LBP,False,cosine,0.151,0.036,"(256, 256)",3,32,1,True,16
303,LBP,False,euclidean,0.112,0.04,"(256, 256)",3,32,1,True,32
304,LBP,False,cityblock,0.108,0.038,"(256, 256)",3,32,1,True,32
305,LBP,False,cosine,0.135,0.038,"(256, 256)",3,32,1,True,32
306,LBP,False,euclidean,0.093,0.031,"(256, 256)",3,32,1,True,64
307,LBP,False,cityblock,0.114,0.035,"(256, 256)",3,32,1,True,64
308,LBP,False,cosine,0.102,0.031,"(256, 256)",3,32,1,True,64
309,LBP,False,euclidean,0.218,,"(256, 256)",3,32,2,False,
310,LBP,False,cityblock,0.204,,"(256, 256)",3,32,2,False,
311,LBP,False,cosine,0.114,,"(256, 256)",3,32,2,False,
312,LBP,False,euclidean,0.088,,"(256, 256)",3,32,2,True,16
313,LBP,False,cityblock,0.048,,"(256, 256)",3,32,2,True,16
314,LBP,False,cosine,0.132,,"(256, 256)",3,32,2,True,16
315,LBP,False,euclidean,0.11,,"(256, 256)",3,32,2,True,32
316,LBP,False,cityblock,0.098,,"(256, 256)",3,32,2,True,32
317,LBP,False,cosine,0.112,,"(256, 256)",3,32,2,True,32
318,LBP,False,euclidean,0.102,,"(256, 256)",3,32,2,True,64
319,LBP,False,cityblock,0.104,,"(256, 256)",3,32,2,True,64
320,LBP,False,cosine,0.094,,"(256, 256)",3,32,2,True,64
321,LBP,False,euclidean,0.12,,"(256, 256)",3,32,4,False,
322,LBP,False,cityblock,0.12,,"(256, 256)",3,32,4,False,
323,LBP,False,cosine,0.064,,"(256, 256)",3,32,4,False,
324,LBP,False,euclidean,0.104,,"(256, 256)",3,32,4,True,16
325,LBP,False,cityblock,0.056,,"(256, 256)",3,32,4,True,16
326,LBP,False,cosine,0.136,,"(256, 256)",3,32,4,True,16
327,LBP,False,euclidean,0.112,,"(256, 256)",3,32,4,True,32
328,LBP,False,cityblock,0.064,,"(256, 256)",3,32,4,True,32
329,LBP,False,cosine,0.096,,"(256, 256)",3,32,4,True,32
330,LBP,False,euclidean,0.064,,"(256, 256)",3,32,4,True,64
331,LBP,False,cityblock,0.096,,"(256, 256)",3,32,4,True,64
332,LBP,False,cosine,0.072,,"(256, 256)",3,32,4,True,64
333,LBP,True,euclidean,0.027,0.015,"(64, 64)",1,8,1,False,
334,LBP,True,cityblock,0.04,0.03,"(64, 64)",1,8,1,False,
335,LBP,True,cosine,0.038,0.016,"(64, 64)",1,8,1,False,
336,LBP,True,euclidean,0.063,0.062,"(64, 64)",1,8,1,True,16
337,LBP,True,cityblock,0.073,0.07,"(64, 64)",1,8,1,True,16
338,LBP,True,cosine,0.071,0.066,"(64, 64)",1,8,1,True,16
339,LBP,True,euclidean,0.025,0.024,"(64, 64)",1,8,1,True,32
340,LBP,True,cityblock,0.021,0.024,"(64, 64)",1,8,1,True,32
341,LBP,True,cosine,0.028,0.023,"(64, 64)",1,8,1,True,32
342,LBP,True,euclidean,0.02,0.028,"(64, 64)",1,8,1,True,64
343,LBP,True,cityblock,0.026,0.025,"(64, 64)",1,8,1,True,64
344,LBP,True,cosine,0.021,0.027,"(64, 64)",1,8,1,True,64
345,LBP,True,euclidean,0.034,,"(64, 64)",1,8,2,False,
346,LBP,True,cityblock,0.046,,"(64, 64)",1,8,2,False,
347,LBP,True,cosine,0.034,,"(64, 64)",1,8,2,False,
348,LBP,True,euclidean,0.074,,"(64, 64)",1,8,2,True,16
349,LBP,True,cityblock,0.084,,"(64, 64)",1,8,2,True,16
350,LBP,True,cosine,0.068,,"(64, 64)",1,8,2,True,16
351,LBP,True,euclidean,0.044,,"(64, 64)",1,8,2,True,32
352,LBP,True,cityblock,0.038,,"(64, 64)",1,8,2,True,32
353,LBP,True,cosine,0.042,,"(64, 64)",1,8,2,True,32
354,LBP,True,euclidean,0.02,,"(64, 64)",1,8,2,True,64
355,LBP,True,cityblock,0.024,,"(64, 64)",1,8,2,True,64
356,LBP,True,cosine,0.022,,"(64, 64)",1,8,2,True,64
357,LBP,True,euclidean,0.072,,"(64, 64)",1,8,4,False,
358,LBP,True,cityblock,0.072,,"(64, 64)",1,8,4,False,
359,LBP,True,cosine,0.048,,"(64, 64)",1,8,4,False,
360,LBP,True,euclidean,0.088,,"(64, 64)",1,8,4,True,16
361,LBP,True,cityblock,0.112,,"(64, 64)",1,8,4,True,16
362,LBP,True,cosine,0.08,,"(64, 64)",1,8,4,True,16
363,LBP,True,euclidean,0.08,,"(64, 64)",1,8,4,True,32
364,LBP,True,cityblock,0.088,,"(64, 64)",1,8,4,True,32
365,LBP,True,cosine,0.088,,"(64, 64)",1,8,4,True,32
366,LBP,True,euclidean,0.08,,"(64, 64)",1,8,4,True,64
367,LBP,True,cityblock,0.096,,"(64, 64)",1,8,4,True,64
368,LBP,True,cosine,0.064,,"(64, 64)",1,8,4,True,64
369,LBP,True,euclidean,0.079,0.033,"(64, 64)",2,16,1,False,
370,LBP,True,cityblock,0.104,0.092,"(64, 64)",2,16,1,False,
371,LBP,True,cosine,0.092,0.046,"(64, 64)",2,16,1,False,
372,LBP,True,euclidean,0.073,0.104,"(64, 64)",2,16,1,True,16
373,LBP,True,cityblock,0.099,0.122,"(64, 64)",2,16,1,True,16
374,LBP,True,cosine,0.078,0.109,"(64, 64)",2,16,1,True,16
375,LBP,True,euclidean,0.043,0.047,"(64, 64)",2,16,1,True,32
376,LBP,True,cityblock,0.037,0.053,"(64, 64)",2,16,1,True,32
377,LBP,True,cosine,0.036,0.046,"(64, 64)",2,16,1,True,32
378,LBP,True,euclidean,0.028,0.02,"(64, 64)",2,16,1,True,64
379,LBP,True,cityblock,0.02,0.018,"(64, 64)",2,16,1,True,64
380,LBP,True,cosine,0.031,0.018,"(64, 64)",2,16,1,True,64
381,LBP,True,euclidean,0.05,,"(64, 64)",2,16,2,False,
382,LBP,True,cityblock,0.076,,"(64, 64)",2,16,2,False,
383,LBP,True,cosine,0.066,,"(64, 64)",2,16,2,False,
384,LBP,True,euclidean,0.058,,"(64, 64)",2,16,2,True,16
385,LBP,True,cityblock,0.072,,"(64, 64)",2,16,2,True,16
386,LBP,True,cosine,0.07,,"(64, 64)",2,16,2,True,16
387,LBP,True,euclidean,0.046,,"(64, 64)",2,16,2,True,32
388,LBP,True,cityblock,0.04,,"(64, 64)",2,16,2,True,32
389,LBP,True,cosine,0.048,,"(64, 64)",2,16,2,True,32
390,LBP,True,euclidean,0.026,,"(64, 64)",2,16,2,True,64
391,LBP,True,cityblock,0.024,,"(64, 64)",2,16,2,True,64
392,LBP,True,cosine,0.024,,"(64, 64)",2,16,2,True,64
393,LBP,True,euclidean,0.032,,"(64, 64)",2,16,4,False,
394,LBP,True,cityblock,0.04,,"(64, 64)",2,16,4,False,
395,LBP,True,cosine,0.04,,"(64, 64)",2,16,4,False,
396,LBP,True,euclidean,0.08,,"(64, 64)",2,16,4,True,16
397,LBP,True,cityblock,0.072,,"(64, 64)",2,16,4,True,16
398,LBP,True,cosine,0.088,,"(64, 64)",2,16,4,True,16
399,LBP,True,euclidean,0.04,,"(64, 64)",2,16,4,True,32
400,LBP,True,cityblock,0.056,,"(64, 64)",2,16,4,True,32
401,LBP,True,cosine,0.04,,"(64, 64)",2,16,4,True,32
402,LBP,True,euclidean,0.064,,"(64, 64)",2,16,4,True,64
403,LBP,True,cityblock,0.04,,"(64, 64)",2,16,4,True,64
404,LBP,True,cosine,0.056,,"(64, 64)",2,16,4,True,64
405,LBP,True,euclidean,0.182,0.081,"(64, 64)",3,32,1,False,
406,LBP,True,cityblock,0.216,0.248,"(64, 64)",3,32,1,False,
407,LBP,True,cosine,0.195,0.121,"(64, 64)",3,32,1,False,
408,LBP,True,euclidean,0.126,0.109,"(64, 64)",3,32,1,True,16
409,LBP,True,cityblock,0.144,0.156,"(64, 64)",3,32,1,True,16
410,LBP,True,cosine,0.127,0.111,"(64, 64)",3,32,1,True,16
411,LBP,True,euclidean,0.048,0.037,"(64, 64)",3,32,1,True,32
412,LBP,True,cityblock,0.053,0.055,"(64, 64)",3,32,1,True,32
413,LBP,True,cosine,0.053,0.047,"(64, 64)",3,32,1,True,32
414,LBP,True,euclidean,0.024,0.021,"(64, 64)",3,32,1,True,64
415,LBP,True,cityblock,0.015,0.022,"(64, 64)",3,32,1,True,64
416,LBP,True,cosine,0.026,0.02,"(64, 64)",3,32,1,True,64
417,LBP,True,euclidean,0.142,,"(64, 64)",3,32,2,False,
418,LBP,True,cityblock,0.164,,"(64, 64)",3,32,2,False,
419,LBP,True,cosine,0.15,,"(64, 64)",3,32,2,False,
420,LBP,True,euclidean,0.096,,"(64, 64)",3,32,2,True,16
421,LBP,True,cityblock,0.094,,"(64, 64)",3,32,2,True,16
422,LBP,True,cosine,0.106,,"(64, 64)",3,32,2,True,16
423,LBP,True,euclidean,0.048,,"(64, 64)",3,32,2,True,32
424,LBP,True,cityblock,0.04,,"(64, 64)",3,32,2,True,32
425,LBP,True,cosine,0.046,,"(64, 64)",3,32,2,True,32
426,LBP,True,euclidean,0.046,,"(64, 64)",3,32,2,True,64
427,LBP,True,cityblock,0.038,,"(64, 64)",3,32,2,True,64
428,LBP,True,cosine,0.044,,"(64, 64)",3,32,2,True,64
429,LBP,True,euclidean,0.072,,"(64, 64)",3,32,4,False,
430,LBP,True,cityblock,0.072,,"(64, 64)",3,32,4,False,
431,LBP,True,cosine,0.08,,"(64, 64)",3,32,4,False,
432,LBP,True,euclidean,0.104,,"(64, 64)",3,32,4,True,16
433,LBP,True,cityblock,0.104,,"(64, 64)",3,32,4,True,16
434,LBP,True,cosine,0.112,,"(64, 64)",3,32,4,True,16
435,LBP,True,euclidean,0.04,,"(64, 64)",3,32,4,True,32
436,LBP,True,cityblock,0.064,,"(64, 64)",3,32,4,True,32
437,LBP,True,cosine,0.04,,"(64, 64)",3,32,4,True,32
438,LBP,True,euclidean,0.104,,"(64, 64)",3,32,4,True,64
439,LBP,True,cityblock,0.104,,"(64, 64)",3,32,4,True,64
440,LBP,True,cosine,0.096,,"(64, 64)",3,32,4,True,64
441,LBP,True,euclidean,0.028,0.014,"(128, 128)",1,8,1,False,
442,LBP,True,cityblock,0.028,0.024,"(128, 128)",1,8,1,False,
443,LBP,True,cosine,0.028,0.012,"(128, 128)",1,8,1,False,
444,LBP,True,euclidean,0.111,0.103,"(128, 128)",1,8,1,True,16
445,LBP,True,cityblock,0.142,0.13,"(128, 128)",1,8,1,True,16
446,LBP,True,cosine,0.107,0.117,"(128, 128)",1,8,1,True,16
447,LBP,True,euclidean,0.082,0.068,"(128, 128)",1,8,1,True,32
448,LBP,True,cityblock,0.085,0.076,"(128, 128)",1,8,1,True,32
449,LBP,True,cosine,0.088,0.076,"(128, 128)",1,8,1,True,32
450,LBP,True,euclidean,0.038,0.038,"(128, 128)",1,8,1,True,64
451,LBP,True,cityblock,0.039,0.037,"(128, 128)",1,8,1,True,64
452,LBP,True,cosine,0.039,0.037,"(128, 128)",1,8,1,True,64
453,LBP,True,euclidean,0.034,,"(128, 128)",1,8,2,False,
454,LBP,True,cityblock,0.034,,"(128, 128)",1,8,2,False,
455,LBP,True,cosine,0.028,,"(128, 128)",1,8,2,False,
456,LBP,True,euclidean,0.092,,"(128, 128)",1,8,2,True,16
457,LBP,True,cityblock,0.1,,"(128, 128)",1,8,2,True,16
458,LBP,True,cosine,0.096,,"(128, 128)",1,8,2,True,16
459,LBP,True,euclidean,0.068,,"(128, 128)",1,8,2,True,32
460,LBP,True,cityblock,0.07,,"(128, 128)",1,8,2,True,32
461,LBP,True,cosine,0.07,,"(128, 128)",1,8,2,True,32
462,LBP,True,euclidean,0.036,,"(128, 128)",1,8,2,True,64
463,LBP,True,cityblock,0.048,,"(128, 128)",1,8,2,True,64
464,LBP,True,cosine,0.03,,"(128, 128)",1,8,2,True,64
465,LBP,True,euclidean,0.088,,"(128, 128)",1,8,4,False,
466,LBP,True,cityblock,0.104,,"(128, 128)",1,8,4,False,
467,LBP,True,cosine,0.08,,"(128, 128)",1,8,4,False,
468,LBP,True,euclidean,0.072,,"(128, 128)",1,8,4,True,16
469,LBP,True,cityblock,0.072,,"(128, 128)",1,8,4,True,16
470,LBP,True,cosine,0.088,,"(128, 128)",1,8,4,True,16
471,LBP,True,euclidean,0.064,,"(128, 128)",1,8,4,True,32
472,LBP,True,cityblock,0.088,,"(128, 128)",1,8,4,True,32
473,LBP,True,cosine,0.056,,"(128, 128)",1,8,4,True,32
474,LBP,True,euclidean,0.072,,"(128, 128)",1,8,4,True,64
475,LBP,True,cityblock,0.08,,"(128, 128)",1,8,4,True,64
476,LBP,True,cosine,0.08,,"(128, 128)",1,8,4,True,64
477,LBP,True,euclidean,0.024,0.014,"(128, 128)",2,16,1,False,
478,LBP,True,cityblock,0.032,0.032,"(128, 128)",2,16,1,False,
479,LBP,True,cosine,0.026,0.013,"(128, 128)",2,16,1,False,
480,LBP,True,euclidean,0.124,0.116,"(128, 128)",2,16,1,True,16
481,LBP,True,cityblock,0.142,0.144,"(128, 128)",2,16,1,True,16
482,LBP,True,cosine,0.136,0.12,"(128, 128)",2,16,1,True,16
483,LBP,True,euclidean,0.085,0.074,"(128, 128)",2,16,1,True,32
484,LBP,True,cityblock,0.09,0.088,"(128, 128)",2,16,1,True,32
485,LBP,True,cosine,0.09,0.081,"(128, 128)",2,16,1,True,32
486,LBP,True,euclidean,0.04,0.031,"(128, 128)",2,16,1,True,64
487,LBP,True,cityblock,0.036,0.033,"(128, 128)",2,16,1,True,64
488,LBP,True,cosine,0.035,0.033,"(128, 128)",2,16,1,True,64
489,LBP,True,euclidean,0.028,,"(128, 128)",2,16,2,False,
490,LBP,True,cityblock,0.03,,"(128, 128)",2,16,2,False,
491,LBP,True,cosine,0.036,,"(128, 128)",2,16,2,False,
492,LBP,True,euclidean,0.106,,"(128, 128)",2,16,2,True,16
493,LBP,True,cityblock,0.11,,"(128, 128)",2,16,2,True,16
494,LBP,True,cosine,0.108,,"(128, 128)",2,16,2,True,16
495,LBP,True,euclidean,0.066,,"(128, 128)",2,16,2,True,32
496,LBP,True,cityblock,0.082,,"(128, 128)",2,16,2,True,32
497,LBP,True,cosine,0.072,,"(128, 128)",2,16,2,True,32
498,LBP,True,euclidean,0.036,,"(128, 128)",2,16,2,True,64
499,LBP,True,cityblock,0.042,,"(128, 128)",2,16,2,True,64
500,LBP,True,cosine,0.03,,"(128, 128)",2,16,2,True,64
501,LBP,True,euclidean,0.072,,"(128, 128)",2,16,4,False,
502,LBP,True,cityblock,0.08,,"(128, 128)",2,16,4,False,
503,LBP,True,cosine,0.048,,"(128, 128)",2,16,4,False,
504,LBP,True,euclidean,0.096,,"(128, 128)",2,16,4,True,16
505,LBP,True,cityblock,0.096,,"(128, 128)",2,16,4,True,16
506,LBP,True,cosine,0.08,,"(128, 128)",2,16,4,True,16
507,LBP,True,euclidean,0.096,,"(128, 128)",2,16,4,True,32
508,LBP,True,cityblock,0.112,,"(128, 128)",2,16,4,True,32
509,LBP,True,cosine,0.088,,"(128, 128)",2,16,4,True,32
510,LBP,True,euclidean,0.096,,"(128, 128)",2,16,4,True,64
511,LBP,True,cityblock,0.056,,"(128, 128)",2,16,4,True,64
512,LBP,True,cosine,0.088,,"(128, 128)",2,16,4,True,64
513,LBP,True,euclidean,0.04,0.021,"(128, 128)",3,32,1,False,
514,LBP,True,cityblock,0.056,0.062,"(128, 128)",3,32,1,False,
515,LBP,True,cosine,0.047,0.028,"(128, 128)",3,32,1,False,
516,LBP,True,euclidean,0.152,0.126,"(128, 128)",3,32,1,True,16
517,LBP,True,cityblock,0.178,0.181,"(128, 128)",3,32,1,True,16
518,LBP,True,cosine,0.166,0.15,"(128, 128)",3,32,1,True,16
519,LBP,True,euclidean,0.092,0.079,"(128, 128)",3,32,1,True,32
520,LBP,True,cityblock,0.116,0.11,"(128, 128)",3,32,1,True,32
521,LBP,True,cosine,0.098,0.085,"(128, 128)",3,32,1,True,32
522,LBP,True,euclidean,0.035,0.042,"(128, 128)",3,32,1,True,64
523,LBP,True,cityblock,0.047,0.052,"(128, 128)",3,32,1,True,64
524,LBP,True,cosine,0.034,0.04,"(128, 128)",3,32,1,True,64
525,LBP,True,euclidean,0.032,,"(128, 128)",3,32,2,False,
526,LBP,True,cityblock,0.042,,"(128, 128)",3,32,2,False,
527,LBP,True,cosine,0.042,,"(128, 128)",3,32,2,False,
528,LBP,True,euclidean,0.12,,"(128, 128)",3,32,2,True,16
529,LBP,True,cityblock,0.132,,"(128, 128)",3,32,2,True,16
530,LBP,True,cosine,0.148,,"(128, 128)",3,32,2,True,16
531,LBP,True,euclidean,0.102,,"(128, 128)",3,32,2,True,32
532,LBP,True,cityblock,0.106,,"(128, 128)",3,32,2,True,32
533,LBP,True,cosine,0.094,,"(128, 128)",3,32,2,True,32
534,LBP,True,euclidean,0.046,,"(128, 128)",3,32,2,True,64
535,LBP,True,cityblock,0.062,,"(128, 128)",3,32,2,True,64
536,LBP,True,cosine,0.04,,"(128, 128)",3,32,2,True,64
537,LBP,True,euclidean,0.04,,"(128, 128)",3,32,4,False,
538,LBP,True,cityblock,0.024,,"(128, 128)",3,32,4,False,
539,LBP,True,cosine,0.032,,"(128, 128)",3,32,4,False,
540,LBP,True,euclidean,0.144,,"(128, 128)",3,32,4,True,16
541,LBP,True,cityblock,0.112,,"(128, 128)",3,32,4,True,16
542,LBP,True,cosine,0.128,,"(128, 128)",3,32,4,True,16
543,LBP,True,euclidean,0.104,,"(128, 128)",3,32,4,True,32
544,LBP,True,cityblock,0.096,,"(128, 128)",3,32,4,True,32
545,LBP,True,cosine,0.088,,"(128, 128)",3,32,4,True,32
546,LBP,True,euclidean,0.104,,"(128, 128)",3,32,4,True,64
547,LBP,True,cityblock,0.088,,"(128, 128)",3,32,4,True,64
548,LBP,True,cosine,0.096,,"(128, 128)",3,32,4,True,64
549,LBP,True,euclidean,0.044,0.031,"(256, 256)",1,8,1,False,
550,LBP,True,cityblock,0.043,0.033,"(256, 256)",1,8,1,False,
551,LBP,True,cosine,0.06,0.04,"(256, 256)",1,8,1,False,
552,LBP,True,euclidean,0.131,0.133,"(256, 256)",1,8,1,True,16
553,LBP,True,cityblock,0.158,0.163,"(256, 256)",1,8,1,True,16
554,LBP,True,cosine,0.146,0.152,"(256, 256)",1,8,1,True,16
555,LBP,True,euclidean,0.112,0.115,"(256, 256)",1,8,1,True,32
556,LBP,True,cityblock,0.135,0.132,"(256, 256)",1,8,1,True,32
557,LBP,True,cosine,0.123,0.118,"(256, 256)",1,8,1,True,32
558,LBP,True,euclidean,0.068,0.066,"(256, 256)",1,8,1,True,64
559,LBP,True,cityblock,0.081,0.078,"(256, 256)",1,8,1,True,64
560,LBP,True,cosine,0.073,0.068,"(256, 256)",1,8,1,True,64
561,LBP,True,euclidean,0.038,,"(256, 256)",1,8,2,False,
562,LBP,True,cityblock,0.046,,"(256, 256)",1,8,2,False,
563,LBP,True,cosine,0.05,,"(256, 256)",1,8,2,False,
564,LBP,True,euclidean,0.104,,"(256, 256)",1,8,2,True,16
565,LBP,True,cityblock,0.104,,"(256, 256)",1,8,2,True,16
566,LBP,True,cosine,0.12,,"(256, 256)",1,8,2,True,16
567,LBP,True,euclidean,0.092,,"(256, 256)",1,8,2,True,32
568,LBP,True,cityblock,0.092,,"(256, 256)",1,8,2,True,32
569,LBP,True,cosine,0.1,,"(256, 256)",1,8,2,True,32
570,LBP,True,euclidean,0.062,,"(256, 256)",1,8,2,True,64
571,LBP,True,cityblock,0.056,,"(256, 256)",1,8,2,True,64
572,LBP,True,cosine,0.068,,"(256, 256)",1,8,2,True,64
573,LBP,True,euclidean,0.128,,"(256, 256)",1,8,4,False,
574,LBP,True,cityblock,0.12,,"(256, 256)",1,8,4,False,
575,LBP,True,cosine,0.112,,"(256, 256)",1,8,4,False,
576,LBP,True,euclidean,0.104,,"(256, 256)",1,8,4,True,16
577,LBP,True,cityblock,0.072,,"(256, 256)",1,8,4,True,16
578,LBP,True,cosine,0.088,,"(256, 256)",1,8,4,True,16
579,LBP,True,euclidean,0.072,,"(256, 256)",1,8,4,True,32
580,LBP,True,cityblock,0.056,,"(256, 256)",1,8,4,True,32
581,LBP,True,cosine,0.064,,"(256, 256)",1,8,4,True,32
582,LBP,True,euclidean,0.064,,"(256, 256)",1,8,4,True,64
583,LBP,True,cityblock,0.064,,"(256, 256)",1,8,4,True,64
584,LBP,True,cosine,0.064,,"(256, 256)",1,8,4,True,64
585,LBP,True,euclidean,0.034,0.013,"(256, 256)",2,16,1,False,
586,LBP,True,cityblock,0.043,0.02,"(256, 256)",2,16,1,False,
587,LBP,True,cosine,0.044,0.01,"(256, 256)",2,16,1,False,
588,LBP,True,euclidean,0.142,0.138,"(256, 256)",2,16,1,True,16
589,LBP,True,cityblock,0.18,0.17,"(256, 256)",2,16,1,True,16
590,LBP,True,cosine,0.177,0.159,"(256, 256)",2,16,1,True,16
591,LBP,True,euclidean,0.116,0.106,"(256, 256)",2,16,1,True,32
592,LBP,True,cityblock,0.143,0.145,"(256, 256)",2,16,1,True,32
593,LBP,True,cosine,0.119,0.113,"(256, 256)",2,16,1,True,32
594,LBP,True,euclidean,0.082,0.067,"(256, 256)",2,16,1,True,64
595,LBP,True,cityblock,0.09,0.082,"(256, 256)",2,16,1,True,64
596,LBP,True,cosine,0.081,0.072,"(256, 256)",2,16,1,True,64
597,LBP,True,euclidean,0.026,,"(256, 256)",2,16,2,False,
598,LBP,True,cityblock,0.032,,"(256, 256)",2,16,2,False,
599,LBP,True,cosine,0.036,,"(256, 256)",2,16,2,False,
600,LBP,True,euclidean,0.108,,"(256, 256)",2,16,2,True,16
601,LBP,True,cityblock,0.12,,"(256, 256)",2,16,2,True,16
602,LBP,True,cosine,0.12,,"(256, 256)",2,16,2,True,16
603,LBP,True,euclidean,0.094,,"(256, 256)",2,16,2,True,32
604,LBP,True,cityblock,0.104,,"(256, 256)",2,16,2,True,32
605,LBP,True,cosine,0.092,,"(256, 256)",2,16,2,True,32
606,LBP,True,euclidean,0.064,,"(256, 256)",2,16,2,True,64
607,LBP,True,cityblock,0.07,,"(256, 256)",2,16,2,True,64
608,LBP,True,cosine,0.062,,"(256, 256)",2,16,2,True,64
609,LBP,True,euclidean,0.104,,"(256, 256)",2,16,4,False,
610,LBP,True,cityblock,0.104,,"(256, 256)",2,16,4,False,
611,LBP,True,cosine,0.104,,"(256, 256)",2,16,4,False,
612,LBP,True,euclidean,0.072,,"(256, 256)",2,16,4,True,16
613,LBP,True,cityblock,0.08,,"(256, 256)",2,16,4,True,16
614,LBP,True,cosine,0.088,,"(256, 256)",2,16,4,True,16
615,LBP,True,euclidean,0.08,,"(256, 256)",2,16,4,True,32
616,LBP,True,cityblock,0.088,,"(256, 256)",2,16,4,True,32
617,LBP,True,cosine,0.056,,"(256, 256)",2,16,4,True,32
618,LBP,True,euclidean,0.048,,"(256, 256)",2,16,4,True,64
619,LBP,True,cityblock,0.072,,"(256, 256)",2,16,4,True,64
620,LBP,True,cosine,0.072,,"(256, 256)",2,16,4,True,64
621,LBP,True,euclidean,0.025,0.01,"(256, 256)",3,32,1,False,
622,LBP,True,cityblock,0.03,0.027,"(256, 256)",3,32,1,False,
623,LBP,True,cosine,0.027,0.012,"(256, 256)",3,32,1,False,
624,LBP,True,euclidean,0.145,0.126,"(256, 256)",3,32,1,True,16
625,LBP,True,cityblock,0.186,0.181,"(256, 256)",3,32,1,True,16
626,LBP,True,cosine,0.173,0.144,"(256, 256)",3,32,1,True,16
627,LBP,True,euclidean,0.118,0.103,"(256, 256)",3,32,1,True,32
628,LBP,True,cityblock,0.153,0.135,"(256, 256)",3,32,1,True,32
629,LBP,True,cosine,0.138,0.104,"(256, 256)",3,32,1,True,32
630,LBP,True,euclidean,0.077,0.072,"(256, 256)",3,32,1,True,64
631,LBP,True,cityblock,0.087,0.092,"(256, 256)",3,32,1,True,64
632,LBP,True,cosine,0.094,0.072,"(256, 256)",3,32,1,True,64
633,LBP,True,euclidean,0.034,,"(256, 256)",3,32,2,False,
634,LBP,True,cityblock,0.03,,"(256, 256)",3,32,2,False,
635,LBP,True,cosine,0.03,,"(256, 256)",3,32,2,False,
636,LBP,True,euclidean,0.126,,"(256, 256)",3,32,2,True,16
637,LBP,True,cityblock,0.142,,"(256, 256)",3,32,2,True,16
638,LBP,True,cosine,0.136,,"(256, 256)",3,32,2,True,16
639,LBP,True,euclidean,0.094,,"(256, 256)",3,32,2,True,32
640,LBP,True,cityblock,0.116,,"(256, 256)",3,32,2,True,32
641,LBP,True,cosine,0.102,,"(256, 256)",3,32,2,True,32
642,LBP,True,euclidean,0.062,,"(256, 256)",3,32,2,True,64
643,LBP,True,cityblock,0.076,,"(256, 256)",3,32,2,True,64
644,LBP,True,cosine,0.07,,"(256, 256)",3,32,2,True,64
645,LBP,True,euclidean,0.096,,"(256, 256)",3,32,4,False,
646,LBP,True,cityblock,0.104,,"(256, 256)",3,32,4,False,
647,LBP,True,cosine,0.08,,"(256, 256)",3,32,4,False,
648,LBP,True,euclidean,0.088,,"(256, 256)",3,32,4,True,16
649,LBP,True,cityblock,0.112,,"(256, 256)",3,32,4,True,16
650,LBP,True,cosine,0.112,,"(256, 256)",3,32,4,True,16
651,LBP,True,euclidean,0.064,,"(256, 256)",3,32,4,True,32
652,LBP,True,cityblock,0.064,,"(256, 256)",3,32,4,True,32
653,LBP,True,cosine,0.072,,"(256, 256)",3,32,4,True,32
654,LBP,True,euclidean,0.08,,"(256, 256)",3,32,4,True,64
655,LBP,True,cityblock,0.088,,"(256, 256)",3,32,4,True,64
656,LBP,True,cosine,0.08,,"(256, 256)",3,32,4,True,64
